Workbook

Sheet البيانات
K6: م | L6: الكود | M6: الاسم | N6: القسم | O6: رقم الموبايل | P6: ر. البطاقة | Q6: الراتب | R6: الرقم السري
K7: 1 | L7: 2596 | Q7: =_xlfn.XLOOKUP(L7, [1]رواتب!B:B, [1]رواتب!S:S, "") -> 11000 | R7: 50124
K8: 2 | L8: 2375 | M8: =IFERROR(VLOOKUP(L8, [2]رواتب!B:S, 6, FALSE), "مش موجود") -> علاء مجدي صادق | N8: =IFERROR(VLOOKUP(L8, [2]رواتب!B:S, 5, FALSE), "مش موجود") -> الإدارة | Q8: =_xlfn.XLOOKUP(L8, [1]رواتب!B:B, [1]رواتب!S:S, "") -> 15000 | R8: 50125
K9: 3 | L9: 3070 | M9: =IFERROR(VLOOKUP(L9, [2]رواتب!B:S, 6, FALSE), "مش موجود") -> فاطمة محمد عباس عبده شحاتة | N9: =IFERROR(VLOOKUP(L9, [2]رواتب!B:S, 5, FALSE), "مش موجود") -> خط 4 | Q9: =_xlfn.XLOOKUP(L9, [1]رواتب!B:B, [1]رواتب!S:S, "") -> 4000 | R9: 50126
K10: 4 | L10: 3306 | M10: =IFERROR(VLOOKUP(L10, [2]رواتب!B:S, 6, FALSE), "مش موجود") -> محمد ابراهيم صالح ابراهيم | N10: =IFERROR(VLOOKUP(L10, [2]رواتب!B:S, 5, FALSE), "مش موجود") -> القص | Q10: =_xlfn.XLOOKUP(L10, [1]رواتب!B:B, [1]رواتب!S:S, "") -> 5500 | R10: 50127
K11: 5 | L11: 1003 | M11: =IFERROR(VLOOKUP(L11, [2]رواتب!B:S, 6, FALSE), "مش موجود") -> محمد يوسف يوسف الزلاط | N11: =IFERROR(VLOOKUP(L11, [2]رواتب!B:S, 5, FALSE), "مش موجود") -> التخطيط | Q11: =_xlfn.XLOOKUP(L11, [1]رواتب!B:B, [1]رواتب!S:S, "") -> 15000 | R11: 50128
K12: 6 | L12: 10005 | M12: =IFERROR(VLOOKUP(L12, [2]رواتب!B:S, 6, FALSE), "مش موجود") -> عمرو محمد الصديق ابراهيم | N12: =IFERROR(VLOOKUP(L12, [2]رواتب!B:S, 5, FALSE), "مش موجود") -> التخطيط | Q12: =_xlfn.XLOOKUP(L12, [1]رواتب!B:B, [1]رواتب!S:S, "") -> 10000 | R12: 50129
K13: 7 | L13: 2078 | M13: =IFERROR(VLOOKUP(L13, [2]رواتب!B:S, 6, FALSE), "مش موجود") -> منار محمد ابراهيم الباز | N13: =IFERROR(VLOOKUP(L13, [2]رواتب!B:S, 5, FALSE), "مش موجود") -> التخطيط | Q13: =_xlfn.XLOOKUP(L13, [1]رواتب!B:B, [1]رواتب!S:S, "") -> 7000 | R13: 50130
K14: 8 | L14: 3071 | M14: =IFERROR(VLOOKUP(L14, [2]رواتب!B:S, 6, FALSE), "مش موجود") -> دعاء السيد حمودة محمد حمودة | N14: =IFERROR(VLOOKUP(L14, [2]رواتب!B:S, 5, FALSE), "مش موجود") -> التجهيز | Q14: =_xlfn.XLOOKUP(L14, [1]رواتب!B:B, [1]رواتب!S:S, "") -> 4400 | R14: 52142
K15: 9 | L15: 1006 | M15: =IFERROR(VLOOKUP(L15, [2]رواتب!B:S, 6, FALSE), "مش موجود") -> محمد على على الادهم | N15: =IFERROR(VLOOKUP(L15, [2]رواتب!B:S, 5, FALSE), "مش موجود") -> الإدارة الفنية | Q15: =_xlfn.XLOOKUP(L15, [1]رواتب!B:B, [1]رواتب!S:S, "") -> 11000 | R15: 30157
K16: 10 | L16: 3616 | M16: =IFERROR(VLOOKUP(L16, [2]رواتب!B:S, 6, FALSE), "مش موجود") -> مش موجود | N16: =IFERROR(VLOOKUP(L16, [2]رواتب!B:S, 5, FALSE), "مش موجود") -> مش موجود | Q16: =_xlfn.XLOOKUP(L16, [1]رواتب!B:B, [1]رواتب!S:S, "") | R16: 74942
K17: 11 | L17: 2470 | M17: =IFERROR(VLOOKUP(L17, [2]رواتب!B:S, 6, FALSE), "مش موجود") -> امير محمدين محمد محمد احمد | N17: =IFERROR(VLOOKUP(L17, [2]رواتب!B:S, 5, FALSE), "مش موجود") -> مخازن | Q17: =_xlfn.XLOOKUP(L17, [1]رواتب!B:B, [1]رواتب!S:S, "") -> 8000 | R17: 12529
K18: 12 | L18: 3072 | M18: =IFERROR(VLOOKUP(L18, [2]رواتب!B:S, 6, FALSE), "مش موجود") -> دنيا زغلول علي عبده خلاف | N18: =IFERROR(VLOOKUP(L18, [2]رواتب!B:S, 5, FALSE), "مش موجود") -> الجودة | Q18: =_xlfn.XLOOKUP(L18, [1]رواتب!B:B, [1]رواتب!S:S, "") -> 5500 | R18: 73018
K19: 13 | L19: 1014 | M19: =IFERROR(VLOOKUP(L19, [2]رواتب!B:S, 6, FALSE), "مش موجود") -> محمد حامد على عبد الرحمن | N19: =IFERROR(VLOOKUP(L19, [2]رواتب!B:S, 5, FALSE), "مش موجود") -> الامن | Q19: =_xlfn.XLOOKUP(L19, [1]رواتب!B:B, [1]رواتب!S:S, "") -> 6400 | R19: 11053
... K84: 78 | L84: 3118 | M84: =IFERROR(VLOOKUP(L84, [2]رواتب!B:S, 6, FALSE), "مش موجود") -> انهام السيد السيد سليم | N84: =IFERROR(VLOOKUP(L84, [2]رواتب!B:S, 5, FALSE), "مش موجود") -> خدمات | Q84: =_xlfn.XLOOKUP(L84, [1]رواتب!B:B, [1]رواتب!S:S, "") -> 4400 | R84: 18002
K85: 79 | L85: 3034 | M85: =IFERROR(VLOOKUP(L85, [2]رواتب!B:S, 6, FALSE), "مش موجود") -> فاطمة السعيد علي السيد حسانين | N85: =IFERROR(VLOOKUP(L85, [2]رواتب!B:S, 5, FALSE), "مش موجود") -> خط الظهر 1 | Q85: =_xlfn.XLOOKUP(L85, [1]رواتب!B:B, [1]رواتب!S:S, "") -> 4000 | R85: =RANDBETWEEN(10000,99999) -> 98713
K86: 80 | L86: 3558 | M86: =IFERROR(VLOOKUP(L86, [2]رواتب!B:S, 6, FALSE), "مش موجود") -> محمد السيد محمد محمد ابو المعاطي | N86: =IFERROR(VLOOKUP(L86, [2]رواتب!B:S, 5, FALSE), "مش موجود") -> القص | Q86: =_xlfn.XLOOKUP(L86, [1]رواتب!B:B, [1]رواتب!S:S, "") -> 5650 | R86: =RANDBETWEEN(10000,99999) -> 90179
K87: 81 | L87: 2756 | M87: =IFERROR(VLOOKUP(L87, [2]رواتب!B:S, 6, FALSE), "مش موجود") -> مي شعبان السيد عوض | N87: =IFERROR(VLOOKUP(L87, [2]رواتب!B:S, 5, FALSE), "مش موجود") -> خط الفنيش 2 | Q87: =_xlfn.XLOOKUP(L87, [1]رواتب!B:B, [1]رواتب!S:S, "") -> 4500 | R87: =RANDBETWEEN(10000,99999) -> 92286
K88: 82 | L88: 3481 | M88: =IFERROR(VLOOKUP(L88, [2]رواتب!B:S, 6, FALSE), "مش موجود") -> سارة حلمي محمد عبداللطيف | N88: =IFERROR(VLOOKUP(L88, [2]رواتب!B:S, 5, FALSE), "مش موجود") -> نهائي | Q88: =_xlfn.XLOOKUP(L88, [1]رواتب!B:B, [1]رواتب!S:S, "") -> 4500 | R88: =RANDBETWEEN(10000,99999) -> 52971
K89: 83 | L89: 3231 | M89: =IFERROR(VLOOKUP(L89, [2]رواتب!B:S, 6, FALSE), "مش موجود") -> شهد عبده عبدالحليم عبده | N89: =IFERROR(VLOOKUP(L89, [2]رواتب!B:S, 5, FALSE), "مش موجود") -> عراوي | Q89: =_xlfn.XLOOKUP(L89, [1]رواتب!B:B, [1]رواتب!S:S, "") -> 6000 | R89: =RANDBETWEEN(10000,99999) -> 34025
K90: 84 | L90: 3418 | M90: =IFERROR(VLOOKUP(L90, [2]رواتب!B:S, 6, FALSE), "مش موجود") -> احمد محمد حسن محمد عبدالرحمن | N90: =IFERROR(VLOOKUP(L90, [2]رواتب!B:S, 5, FALSE), "مش موجود") -> نهائي | Q90: =_xlfn.XLOOKUP(L90, [1]رواتب!B:B, [1]رواتب!S:S, "") -> 4500 | R90: =RANDBETWEEN(10000,99999) -> 86491
K91: 85 | L91: 1042 | M91: =IFERROR(VLOOKUP(L91, [2]رواتب!B:S, 6, FALSE), "مش موجود") -> تمام رياض البيومى مجاهد | N91: =IFERROR(VLOOKUP(L91, [2]رواتب!B:S, 5, FALSE), "مش موجود") -> نهائي | Q91: =_xlfn.XLOOKUP(L91, [1]رواتب!B:B, [1]رواتب!S:S, "") -> 6000 | R91: =RANDBETWEEN(10000,99999) -> 12538
K92: 86 | L92: 3212 | M92: =IFERROR(VLOOKUP(L92, [2]رواتب!B:S, 6, FALSE), "مش موجود") -> سلامة حسن ابراهيم ابو الخير | N92: =IFERROR(VLOOKUP(L92, [2]رواتب!B:S, 5, FALSE), "مش موجود") -> خط الصدر 1 | Q92: =_xlfn.XLOOKUP(L92, [1]رواتب!B:B, [1]رواتب!S:S, "") -> 7500 | R92: =RANDBETWEEN(10000,99999) -> 71602
K93: 87 | L93: 2677 | M93: =IFERROR(VLOOKUP(L93, [2]رواتب!B:S, 6, FALSE), "مش موجود") -> محمد احمد عبدالباري محمد | N93: =IFERROR(VLOOKUP(L93, [2]رواتب!B:S, 5, FALSE), "مش موجود") -> نهائي | Q93: =_xlfn.XLOOKUP(L93, [1]رواتب!B:B, [1]رواتب!S:S, "") -> 5500 | R93: =RANDBETWEEN(10000,99999) -> 92652
K94: 88 | L94: 3613 | M94: =IFERROR(VLOOKUP(L94, [2]رواتب!B:S, 6, FALSE), "مش موجود") -> مش موجود | N94: =IFERROR(VLOOKUP(L94, [2]رواتب!B:S, 5, FALSE), "مش موجود") -> مش موجود | Q94: =_xlfn.XLOOKUP(L94, [1]رواتب!B:B, [1]رواتب!S:S, "") | R94: =RANDBETWEEN(10000,99999) -> 88937
K95: 89 | L95: 3483 | M95: =IFERROR(VLOOKUP(L95, [2]رواتب!B:S, 6, FALSE), "مش موجود") -> امير عبداللطيف احمد هاشم | N95: =IFERROR(VLOOKUP(L95, [2]رواتب!B:S, 5, FALSE), "مش موجود") -> نهائي | Q95: =_xlfn.XLOOKUP(L95, [1]رواتب!B:B, [1]رواتب!S:S, "") -> 6000 | R95: =RANDBETWEEN(10000,99999) -> 24069
K96: 90 | L96: 2041 | M96: =IFERROR(VLOOKUP(L96, [2]رواتب!B:S, 6, FALSE), "مش موجود") -> احمد الزيني | N96: =IFERROR(VLOOKUP(L96, [2]رواتب!B:S, 5, FALSE), "مش موجود") -> خط الظهر 2 | Q96: =_xlfn.XLOOKUP(L96, [1]رواتب!B:B, [1]رواتب!S:S, "") -> 8500 | R96: =RANDBETWEEN(10000,99999) -> 32909
... K357: 351 | L357: 3005 | M357: =IFERROR(VLOOKUP(L357, [2]رواتب!B:S, 6, FALSE), "مش موجود") -> فارس احمد فاروق احمد لطفي | N357: =IFERROR(VLOOKUP(L357, [2]رواتب!B:S, 5, FALSE), "مش موجود") -> عراوي | Q357: =_xlfn.XLOOKUP(L357, [1]رواتب!B:B, [1]رواتب!S:S, "") -> 6000 | R357: =RANDBETWEEN(10000,99999) -> 27652
